Timestamp,Folder,File Count
2025-08-08 08:41:57,C:\Users\E1009806\Downloads,195
2025-08-08 09:04:53,C:\Users\E1009806\Downloads,196
2025-08-08 09:16:03,C:\Users\E1009806\Downloads,196
2025-08-08 09:16:33,C:\Users\E1009806\Downloads,198
2025-08-08 09:16:38,C:\Users\E1009806\Downloads,197
2025-08-08 09:17:03,C:\Users\E1009806\Downloads,197
2025-08-08 09:17:33,C:\Users\E1009806\Downloads,197
2025-08-08 09:18:03,C:\Users\E1009806\Downloads,197
2025-08-08 09:18:33,C:\Users\E1009806\Downloads,197
2025-08-08 09:19:03,C:\Users\E1009806\Downloads,197
2025-08-08 09:19:33,C:\Users\E1009806\Downloads,197
2025-08-08 09:20:03,C:\Users\E1009806\Downloads,197
2025-08-08 09:20:33,C:\Users\E1009806\Downloads,197
2025-08-08 09:21:03,C:\Users\E1009806\Downloads,197
2025-08-08 09:21:33,C:\Users\E1009806\Downloads,197
2025-08-08 09:22:03,C:\Users\E1009806\Downloads,197
2025-08-08 09:22:33,C:\Users\E1009806\Downloads,197
2025-08-08 09:23:37,C:\Users\E1009806\Downloads,197
2025-08-08 09:24:07,C:\Users\E1009806\Downloads,197
2025-08-08 09:24:37,C:\Users\E1009806\Downloads,197
2025-08-08 09:25:07,C:\Users\E1009806\Downloads,197
2025-08-08 09:25:37,C:\Users\E1009806\Downloads,197
2025-08-08 09:26:07,C:\Users\E1009806\Downloads,197
2025-08-08 09:26:37,C:\Users\E1009806\Downloads,198
2025-08-08 09:27:07,C:\Users\E1009806\Downloads,198
2025-08-08 09:27:37,C:\Users\E1009806\Downloads,198
2025-08-08 09:28:07,C:\Users\E1009806\Downloads,198
2025-08-08 09:28:37,C:\Users\E1009806\Downloads,198
2025-08-08 09:29:07,C:\Users\E1009806\Downloads,198
2025-08-08 09:29:37,C:\Users\E1009806\Downloads,198
2025-08-08 09:30:07,C:\Users\E1009806\Downloads,199
2025-08-08 09:30:37,C:\Users\E1009806\Downloads,200
2025-08-08 09:31:07,C:\Users\E1009806\Downloads,200
2025-08-08 09:31:37,C:\Users\E1009806\Downloads,200
2025-08-08 09:32:07,C:\Users\E1009806\Downloads,200
2025-08-08 09:32:37,C:\Users\E1009806\Downloads,200
2025-08-08 09:33:07,C:\Users\E1009806\Downloads,200
2025-08-08 09:33:37,C:\Users\E1009806\Downloads,200
2025-08-08 09:34:07,C:\Users\E1009806\Downloads,200
2025-08-08 09:34:37,C:\Users\E1009806\Downloads,200
